-- phpMyAdmin SQL Dump
-- version 5.0.2
-- https://www.phpmyadmin.net/
--
-- Máy chủ: 127.0.0.1
-- Thời gian đã tạo: Th7 13, 2020 lúc 10:55 AM
-- Phiên bản máy phục vụ: 10.4.13-MariaDB
-- Phiên bản PHP: 7.4.7

SET SQL_MODE = "NO_AUTO_VALUE_ON_ZERO";
START TRANSACTION;
SET time_zone = "+00:00";


/*!40101 SET @OLD_CHARACTER_SET_CLIENT=@@CHARACTER_SET_CLIENT */;
/*!40101 SET @OLD_CHARACTER_SET_RESULTS=@@CHARACTER_SET_RESULTS */;
/*!40101 SET @OLD_COLLATION_CONNECTION=@@COLLATION_CONNECTION */;
/*!40101 SET NAMES utf8mb4 */;

--
-- Cơ sở dữ liệu: `hoen`
--

-- --------------------------------------------------------

--
-- Cấu trúc bảng cho bảng `image_library`
--

CREATE TABLE `image_library` (
  `id` int(11) NOT NULL,
  `product_id` int(11) NOT NULL,
  `path` varchar(255) NOT NULL,
  `created_time` int(11) NOT NULL,
  `last_updated` int(11) NOT NULL
) ENGINE=InnoDB DEFAULT CHARSET=utf8;

-- --------------------------------------------------------

--
-- Cấu trúc bảng cho bảng `menu`
--

CREATE TABLE `menu` (
  `id` int(11) NOT NULL,
  `parent_id` int(11) NOT NULL DEFAULT 0,
  `name` varchar(100) NOT NULL,
  `link` varchar(255) NOT NULL,
  `position` int(11) NOT NULL,
  `created_time` int(11) NOT NULL,
  `last_updated` int(11) NOT NULL
) ENGINE=MyISAM DEFAULT CHARSET=utf8;

--
-- Đang đổ dữ liệu cho bảng `menu`
--

INSERT INTO `menu` (`id`, `parent_id`, `name`, `link`, `position`, `created_time`, `last_updated`) VALUES
(4, 0, 'Level 1', 'home2.php', 0, 1555232698, 1555232698),
(5, 4, 'Level 2', 'product.php', 1, 1555232976, 1555232976),
(6, 5, 'Level 3', 'product.php', 0, 1555232976, 1555232976),
(7, 6, 'Level 4', 'home.php', 0, 1555232976, 1555232976),
(8, 4, 'Level 2.2', 'product.php', 2, 1555232976, 1555232976),
(9, 8, 'Level 3.2', 'product.php', 1, 1555427808, 1555427808),
(10, 7, 'Level 5', 'home.php', 0, 1555427808, 1555427808),
(21, 16, 'Level 2.2.2', 'home2.php', 1, 1555232698, 1555232698),
(17, 10, 'Level 6', '#', 1, 1555542591, 1555542591),
(16, 0, 'Level 1.2', 'home2.php', 1, 1555232698, 1555232698);

-- --------------------------------------------------------

--
-- Cấu trúc bảng cho bảng `order`
--

CREATE TABLE `order` (
  `id` int(11) NOT NULL,
  `name` varchar(255) NOT NULL,
  `phone` varchar(255) DEFAULT NULL,
  `address` varchar(500) NOT NULL,
  `note` text NOT NULL,
  `total` int(11) NOT NULL,
  `created_time` int(11) NOT NULL,
  `last_updated` int(11) NOT NULL
) ENGINE=InnoDB DEFAULT CHARSET=utf8;

--
-- Đang đổ dữ liệu cho bảng `order`
--

INSERT INTO `order` (`id`, `name`, `phone`, `address`, `note`, `total`, `created_time`, `last_updated`) VALUES
(29, 'Andn', '0654654615', 'Ha Noi', 'Ghi chu', 8290000, 1587872426, 1587872426),
(30, 'Nguyễn Quang Huy', '0584466343', 'Xóm tân thái,xã hóa thượng ,huyện đồng hỷ', 'huyy', 3240000, 1593426569, 1593426569),
(31, 'Nguyễn Quang Huy', '0584466343', 'Xóm tân thái,xã hóa thượng ,huyện đồng hỷ', '', 2160000, 1594623624, 1594623624),
(32, 'tvk', '9888888', 'dffđf', 'ffff', 5657000, 1594630313, 1594630313);

-- --------------------------------------------------------

--
-- Cấu trúc bảng cho bảng `order_detail`
--

CREATE TABLE `order_detail` (
  `id` int(11) NOT NULL,
  `order_id` int(11) NOT NULL,
  `product_id` int(11) DEFAULT NULL,
  `quantity` int(11) NOT NULL,
  `price` int(11) NOT NULL,
  `created_time` int(11) NOT NULL,
  `last_updated` int(11) NOT NULL
) ENGINE=InnoDB DEFAULT CHARSET=utf8;

--
-- Đang đổ dữ liệu cho bảng `order_detail`
--

INSERT INTO `order_detail` (`id`, `order_id`, `product_id`, `quantity`, `price`, `created_time`, `last_updated`) VALUES
(19, 29, 2, 1, 540000, 1587872426, 1587872426),
(22, 30, 2, 6, 540000, 1593426569, 1593426569),
(31, 31, 2, 4, 540000, 1594623624, 1594623624),
(32, 32, 14, 1, 657000, 1594630313, 1594630313),
(33, 32, 21, 1, 5000000, 1594630313, 1594630313);

-- --------------------------------------------------------

--
-- Cấu trúc bảng cho bảng `product`
--

CREATE TABLE `product` (
  `id` int(11) NOT NULL,
  `name` varchar(255) NOT NULL,
  `image` varchar(255) DEFAULT NULL,
  `price` float NOT NULL,
  `content` text NOT NULL,
  `created_time` int(11) NOT NULL,
  `last_updated` int(11) NOT NULL
) ENGINE=InnoDB DEFAULT CHARSET=utf8;

--
-- Đang đổ dữ liệu cho bảng `product`
--

INSERT INTO `product` (`id`, `name`, `image`, `price`, `content`, `created_time`, `last_updated`) VALUES
(2, 'Đệm cho thú cưng', 'uploads/02-07-2020/t7.jpg', 540000, '', 1552615987, 1593662512),
(14, 'Nhà xanh', 'uploads/02-07-2020/q4.jpg', 657000, '', 1552615987, 1593662463),
(18, 'Lồng vận chuyển', 'uploads/02-07-2020/q2.jpg', 500000, '', 1552615987, 1593662440),
(21, 'Vũ Thị Thương', 'uploads/29-06-2020/a6.jpg', 5000000, 'huyy', 1593439716, 1593490800);

-- --------------------------------------------------------

--
-- Cấu trúc bảng cho bảng `user`
--

CREATE TABLE `user` (
  `id` int(11) NOT NULL,
  `username` varchar(100) NOT NULL,
  `fullname` varchar(100) NOT NULL,
  `password` varchar(100) NOT NULL,
  `birthday` int(11) NOT NULL,
  `created_time` int(11) NOT NULL,
  `last_updated` int(11) NOT NULL
) ENGINE=MyISAM DEFAULT CHARSET=utf8;

--
-- Đang đổ dữ liệu cho bảng `user`
--

INSERT INTO `user` (`id`, `username`, `fullname`, `password`, `birthday`, `created_time`, `last_updated`) VALUES
(1, 'admin', 'Andn', '25d55ad283aa400af464c76d713c07ad', 123, 123, 1553185530);

--
-- Chỉ mục cho các bảng đã đổ
--

--
-- Chỉ mục cho bảng `image_library`
--
ALTER TABLE `image_library`
  ADD PRIMARY KEY (`id`),
  ADD KEY `product_id` (`product_id`);

--
-- Chỉ mục cho bảng `menu`
--
ALTER TABLE `menu`
  ADD PRIMARY KEY (`id`);

--
-- Chỉ mục cho bảng `order`
--
ALTER TABLE `order`
  ADD PRIMARY KEY (`id`);

--
-- Chỉ mục cho bảng `order_detail`
--
ALTER TABLE `order_detail`
  ADD PRIMARY KEY (`id`),
  ADD KEY `order_id` (`order_id`),
  ADD KEY `product_id` (`product_id`);

--
-- Chỉ mục cho bảng `product`
--
ALTER TABLE `product`
  ADD PRIMARY KEY (`id`);

--
-- Chỉ mục cho bảng `user`
--
ALTER TABLE `user`
  ADD PRIMARY KEY (`id`);

--
-- AUTO_INCREMENT cho các bảng đã đổ
--

--
-- AUTO_INCREMENT cho bảng `image_library`
--
ALTER TABLE `image_library`
  MODIFY `id` int(11) NOT NULL AUTO_INCREMENT, AUTO_INCREMENT=18;

--
-- AUTO_INCREMENT cho bảng `menu`
--
ALTER TABLE `menu`
  MODIFY `id` int(11) NOT NULL AUTO_INCREMENT, AUTO_INCREMENT=22;

--
-- AUTO_INCREMENT cho bảng `order`
--
ALTER TABLE `order`
  MODIFY `id` int(11) NOT NULL AUTO_INCREMENT, AUTO_INCREMENT=33;

--
-- AUTO_INCREMENT cho bảng `order_detail`
--
ALTER TABLE `order_detail`
  MODIFY `id` int(11) NOT NULL AUTO_INCREMENT, AUTO_INCREMENT=34;

--
-- AUTO_INCREMENT cho bảng `product`
--
ALTER TABLE `product`
  MODIFY `id` int(11) NOT NULL AUTO_INCREMENT, AUTO_INCREMENT=26;

--
-- AUTO_INCREMENT cho bảng `user`
--
ALTER TABLE `user`
  MODIFY `id` int(11) NOT NULL AUTO_INCREMENT, AUTO_INCREMENT=2;

--
-- Các ràng buộc cho các bảng đã đổ
--

--
-- Các ràng buộc cho bảng `order_detail`
--
ALTER TABLE `order_detail`
  ADD CONSTRAINT `order_detail_ibfk_1` FOREIGN KEY (`order_id`) REFERENCES `order` (`id`) ON DELETE CASCADE ON UPDATE CASCADE,
  ADD CONSTRAINT `order_detail_ibfk_2` FOREIGN KEY (`product_id`) REFERENCES `product` (`id`) ON DELETE NO ACTION ON UPDATE NO ACTION;
COMMIT;

/*!40101 SET CHARACTER_SET_CLIENT=@OLD_CHARACTER_SET_CLIENT */;
/*!40101 SET CHARACTER_SET_RESULTS=@OLD_CHARACTER_SET_RESULTS */;
/*!40101 SET COLLATION_CONNECTION=@OLD_COLLATION_CONNECTION */;
